PRDCT_REF_ID,SRC_ENV_ID,PRDCT_ID,NDC_LBL_NAME,ADMIN_ROUTE,DRG_MANF,DEA_CD,GPI_THRPTC_CLASS_NAME,GPI_NUM_14_DIGIT,PRDCT_QUAL_CD,CREATE_TIMESTAMP,CREATED_BY,UPDATE_TIMESTAMP,UPDATED_BY,PKG_SIZE,UNIT_OF_MEASURE,PRDCT_DESCR,UNIT_OF_MEASURE_QTY,PKG_SIZE_TOTAL_QTY,MULTI_SRC_CD,DRUG_STRENGTH_QTY,DOSAGE_FORM_ID,DRG_UNIT_DOSE_USE_IND,GPI_NAME,DRG_STAT_CD,DRG_RX_OTC_IND
902703,500,68462071171,ESTRADIOL    TAB 10MCG,VA,GLENMARK,0,Vaginal Estrogens,5.535E+13,03,19:55.7,System,41:31.0,System,8,EA,BOX,1,8,Y,10,TABS,U,ESTRADIOL VAGINAL TAB 10 MCG,A,S
68940,500,00093317431,ALBUTEROL    AER HFA,IN,TEVA USA,0,Inhaled Bronchodilator,4.4201E+13,03,19:55.7,System,08:09.3,System,8.5,GM,INHALER,1,8.5,Y,108,AERS,U,ALBUTEROL SULFATE INHAL AERO 108 MCG/ACT (90MCG BASE EQUIV),A,S
1234490,500,70748012513,VARENICLINE  TAB 0.5& 1MG,OR,LUPIN PHAR,0,Smoking Deterrents,6210008020B720,03,15:30.1,System,05:11.1,System,53,EA,BOX,1,53,Y,0,TBPK,U,VARENICLINE TARTRATE TAB 11 X 0.5 MG & 42 X 1 MG START PACK,A,S
1194934,500,66993007996,FLUTICAS HFA AER 110MCG,IN,PRASCO LAB,0,Inhaled Steroids,4.44E+13,03,17:56.7,System,07:29.0,System,12,GM,INHALER,1,12,N,110,AERO,U,FLUTICASONE PROPIONATE HFA INHAL AER 110 MCG/ACT,A,R
16557,500,00002143480,TRULICITY    INJ 1.5/0.5,SC,LILLY,0,GLP-1 Receptor Agonists,2717001500D530,03,19:55.7,System,09:05.6,System,0.5,ML,PEN,4,2,N,1.5,SOAJ,X,DULAGLUTIDE SOLN AUTO-INJECTOR 1.5 MG/0.5ML,A,R
1058017,500,72065012112,GVOKE HYPO 2 INJ 1/0.2ML,SC,XERIS PHAR,0,Glucose,2730001000D530,03,06:36.7,System,06:00.8,System,0.2,ML,SYRINGE,2,0.4,N,1,SOAJ,X,GLUCAGON SUBCUTANEOUS SOLUTION AUTO-INJECTOR 1 MG/0.2ML,A,R
94258,500,00186037020,SYMBICORT    AER 160-4.5,IN,ASTZEN LP,0,Inhaled Asthma/COPD Combo,4.42099E+13,03,19:55.7,System,06:32.9,System,10.2,GM,INHALER,1,10.2,O,0,AERO,U,BUDESONIDE-FORMOTEROL FUMARATE DIHYD AEROSOL 160-4.5 MCG/ACT,A,S
1251147,500,83017012203,EMBECTA NANO MIS 32GX4MM,XX,EMBECTA ME,0,Needles & Syringes,9.70511E+13,03,06:00.7,System,06:51.5,System,100,EA,BOX,1,100,N,0,MISC,U,"INSULIN PEN NEEDLE 32 G X 4 MM (1/6"" OR 5/32"")",A,O
571349,500,45802005536,TRIAMCINOLON OIN 0.1%,EX,PADAGIS,0,Corticosteroids - Topical,9.05501E+13,03,19:55.7,System,06:03.5,System,80,GM,TUBE,1,80,Y,0.1,OINT,U,TRIAMCINOLONE ACETONIDE OINT 0.1%,A,S
698782,500,54436025004,XYOSTED      INJ 50/0.5ML,SC,ANTARES PH,3,Androgens,2310003020D520,03,19:55.7,System,06:03.5,System,0.5,ML,PEN,4,2,N,50,SOAJ,X,TESTOSTERONE ENANTHATE SOLUTION AUTO-INJECTOR 50 MG/0.5ML,A,R
34865,500,00024587102,TOUJEO MAX   INJ 300/ML,SC,SANOFI PHA,0,Insulin,2710400300D236,03,19:55.7,System,08:37.7,System,3,ML,PEN,2,6,N,300,SOPN,U,INSULIN GLARGINE SOLN PEN-INJECTOR 300 UNIT/ML (2 UNIT DIAL),A,R
17573,500,00002751001,HUMALOG      INJ 100/ML,IJ,LILLY,0,Insulin,2.7104E+13,03,19:55.7,System,09:05.6,System,10,ML,VIAL,1,10,N,100,SOLN,U,INSULIN LISPRO INJ SOLN 100 UNIT/ML,A,R
34768,500,00024576105,SOLIQUA      INJ 100/33,SC,SANOFI PHA,0,Insulin,2799100235D220,03,19:55.7,System,08:37.7,System,3,ML,PEN,5,15,N,0,SOPN,U,INSULIN GLARGINE-LIXISENATIDE SOL PEN-INJ 100-33 UNIT-MCG/ML,A,R
53671,500,00071080524,NEURONTIN    CAP 300MG,OR,VIATRIS SP,0,Anticonvulsants - 2nd Generation,7.26E+13,03,19:55.7,System,06:00.3,System,100,EA,BOTTLE,1,100,O,300,CAPS,-,GABAPENTIN CAP 300 MG,A,S
172174,500,00597015230,JARDIANCE    TAB 10MG,OR,BOEHR INGL,0,SGLT-2 Inhibitors & Combos,2.77001E+13,03,19:55.7,System,35:38.2,System,30,EA,BOTTLE,1,30,N,10,TABS,-,EMPAGLIFLOZIN TAB 10 MG,A,R
17919,500,00002882427,HUMULIN R    INJ U-500KWP,SC,LILLY,0,Insulin,2710401000D250,03,19:55.7,System,09:05.6,System,3,ML,PEN,2,6,N,500,SOPN,U,INSULIN REGULAR (HUMAN) SOLN PEN-INJECTOR 500 UNIT/ML,A,R
850392,500,64380088304,CINACALCET   TAB 30MG,OR,STRIDES PH,0,Metabolic Modifiers,3.09052E+13,03,19:55.7,System,00:58.7,System,30,EA,BOTTLE,1,30,Y,30,TABS,-,CINACALCET HCL TAB 30 MG (BASE EQUIV),A,S
1106742,500,00078091112,XIIDRA       DRO 5%,OP,BAUSCH& LO,0,Ophthalmic Integrin Antagonist,8.67341E+13,03,07:23.5,System,07:11.6,System,5,EA,PLAS CONT,12,60,N,5,SOLN,X,LIFITEGRAST OPHTH SOLN 5%,A,R
69014,500,00093354143,ESTRADIOL    CRE 0.01%,VA,TEVA USA,0,Vaginal Estrogens,5.535E+13,03,19:55.7,System,08:09.3,System,42.5,GM,TUBE,1,42.5,Y,0.1,CREA,U,ESTRADIOL VAGINAL CREAM 0.01%,A,S
33465,500,00023320505,LUMIGAN      SOL 0.01% OP,OP,ALLERGAN,0,Ophthalmic Prostaglandins,8.633E+13,03,19:55.7,System,08:46.4,System,5,ML,BOTTLE,1,5,O,0.01,SOLN,U,BIMATOPROST OPHTH SOLN 0.01%,A,S
799031,500,60631041230,EDARBYCLOR   TAB 40-12.5,OR,AZURITY PH,0,Angiotensin II Receptor Antagonists & Combos,3.6994E+13,03,19:55.7,System,01:25.3,System,30,EA,BOTTLE,1,30,N,0,TABS,U,AZILSARTAN MEDOXOMIL-CHLORTHALIDONE TAB 40-12.5 MG,A,R
1206129,500,00469266030,VEOZAH       TAB 45MG,OR,ASTELLAS,0,Menopausal Symptoms Suppressants,3.0606E+13,03,06:27.4,System,08:37.7,System,30,EA,BOTTLE,1,30,N,45,TABS,-,FEZOLINETANT TAB 45 MG,A,R
938155,500,72511076002,REPATHA SURE INJ 140MG/ML,SC,AMGEN,0,PCSK9 Inhibitors,3935002000D520,03,19:55.7,System,06:24.1,System,1,ML,PEN,2,2,N,140,SOAJ,X,EVOLOCUMAB SUBCUTANEOUS SOLN AUTO-INJECTOR 140 MG/ML,A,R
1245986,500,55513071021,PROLIA       INJ 60MG/ML,SC,AMGEN,0,Osteoporosis Agents,3004453000E520,03,35:41.4,System,06:24.1,System,1,ML,SYRINGE,1,1,N,60,SOSY,X,DENOSUMAB INJ SOLN PREFILLED SYRINGE 60 MG/ML,A,R
1197015,500,64380018801,ZAFIRLUKAST  TAB 20MG,OR,STRIDES PH,0,Leukotriene Modulators,4.45051E+13,03,14:30.6,System,06:56.2,System,60,EA,BOTTLE,1,60,Y,20,TABS,U,ZAFIRLUKAST TAB 20 MG,A,S
860708,500,65702071210,ACCU-CHEK    TES GUIDE,VI,ROCHE DIAG,0,Diabetes Monitoring and Testing Supplies,9.41E+13,03,19:55.7,System,06:13.3,System,100,EA,BOX,1,100,N,0,STRP,U,GLUCOSE BLOOD TEST STRIP,A,O
1240567,500,70710116003,MIRABEGRON   TAB 50MG ER,OR,ZYDUS PHAR,0,Urinary Antispasmodics & OAB Drugs,5.42001E+13,03,23:36.4,System,06:32.9,System,30,EA,BOTTLE,1,30,Y,50,TB24,-,MIRABEGRON TAB ER 24 HR 50 MG,A,S
804272,500,61314014405,BRIMONIDINE  SOL 0.15% OP,OP,SANDOZ,0,Ophthalmic Adrenergic Agents,8.6602E+13,03,19:55.7,System,06:13.3,System,5,ML,BOTTLE,1,5,Y,0.15,SOLN,U,BRIMONIDINE TARTRATE OPHTH SOLN 0.15%,A,S
87603,500,00173071920,FLOVENT HFA  AER 110MCG,IN,GLAXOSMITH,0,Inhaled Steroids,4.44E+13,03,19:55.7,System,06:46.4,System,12,GM,INHALER,1,12,M,110,AERO,U,FLUTICASONE PROPIONATE HFA INHAL AER 110 MCG/ACT,I,S
33926,500,00023921110,COMBIGAN     SOL 0.2/0.5%,OP,ALLERGAN,0,Ophthalmic Beta Blockers,8.62599E+13,03,19:55.7,System,08:46.4,System,10,ML,BOTTLE,1,10,O,0,SOLN,U,BRIMONIDINE TARTRATE-TIMOLOL MALEATE OPHTH SOLN 0.2-0.5%,A,S
442295,500,27241009990,DULOXETINE   CAP 60MG DR,OR,AJANTA PHA,0,Antidepressants,5.818E+13,03,19:55.7,System,06:31.5,System,1000,EA,BOTTLE,1,1000,Y,60,CPEP,-,DULOXETINE HCL ENTERIC COATED PELLETS CAP 60 MG (BASE EQ),A,S
1200299,500,60505058901,BRIMO/TIMOLO SOL 0.2/0.5%,OP,APOTEX,0,Ophthalmic Beta Blockers,8.62599E+13,03,06:49.5,System,41:31.0,System,5,ML,BOTTLE,1,5,Y,0,SOLN,U,BRIMONIDINE TARTRATE-TIMOLOL MALEATE OPHTH SOLN 0.2-0.5%,A,S
33469,500,00023320508,LUMIGAN      SOL 0.01% OP,OP,ALLERGAN,0,Ophthalmic Prostaglandins,8.633E+13,03,19:55.7,System,08:46.4,System,7.5,ML,BOTTLE,1,7.5,O,0.01,SOLN,U,BIMATOPROST OPHTH SOLN 0.01%,A,S
1206333,500,24979000206,DEXLANSOPRAZ CAP 60MG DR,OR,UPSH-SMITH,0,Proton Pump Inhibitors,4.927E+13,03,05:27.9,System,01:25.3,System,30,EA,BOTTLE,1,30,Y,60,CPDR,-,DEXLANSOPRAZOLE CAP DELAYED RELEASE 60 MG,A,S
84738,500,00169320111,FIASP        INJ 100/ML,IJ,NOVO NORD,0,Insulin,2.7104E+13,03,19:55.7,System,06:09.1,System,10,ML,VIAL,1,10,N,100,SOLN,U,INSULIN ASPART (WITH NIACINAMIDE) INJ 100 UNIT/ML,A,R
1087518,500,55513013760,OTEZLA       TAB 30MG,OR,AMGEN,0,Chronic Inflammatory Disease,6.67E+13,03,06:14.1,System,06:24.1,System,60,EA,BOTTLE,1,60,N,30,TABS,-,APREMILAST TAB 30 MG,A,R
305863,500,08290320749,BD PEN NEEDL MIS 32GX6MM,XX,EMBECTA ME,0,Needles & Syringes,9.70511E+13,02,19:55.7,System,06:51.5,System,100,EA,BOX,1,100,N,0,MISC,U,"INSULIN PEN NEEDLE 32 G X 6 MM (1/4"" OR 15/64"")",A,O
60496,500,00078069620,ENTRESTO     TAB 97-103MG,OR,NOVARTIS,0,Angiotensin II Receptor & Neprilysin Inhibitor (ARNI),4.0992E+13,03,19:55.7,System,08:37.7,System,60,EA,BOTTLE,1,60,O,0,TABS,-,SACUBITRIL-VALSARTAN TAB 97-103 MG,A,S
115481,500,00310621030,FARXIGA      TAB 10MG,OR,ASTZEN,0,SGLT-2 Inhibitors & Combos,2.77E+13,03,19:55.7,System,08:58.4,System,30,EA,BOTTLE,1,30,O,10,TABS,-,DAPAGLIFLOZIN TAB 10 MG,A,S
1242297,500,57599084400,FREESTYLE LB KIT 3PLS/SEN,XX,ABBOTT DIA,0,Diabetes Monitoring and Testing Supplies,9.7202E+13,03,20:56.1,System,08:37.7,System,1,EA,BOX,1,1,N,0,MISC,U,*CONTINUOUS GLUCOSE SYSTEM SENSOR***,A,R
1206207,500,00169418113,OZEMPIC      INJ 2MG/3ML,SC,NOVO NORD,0,GLP-1 Receptor Agonists,2717007000D221,03,05:27.9,System,06:09.1,System,3,ML,PEN,1,3,N,2,SOPN,U,SEMAGLUTIDE SOLN PEN-INJ 0.25 OR 0.5 MG/DOSE (2 MG/3ML),A,R
1247166,500,70069065101,BRIMO/TIMOLO SOL 0.2/0.5%,OP,SOMERSET,0,Ophthalmic Beta Blockers,8.62599E+13,03,37:38.3,System,36:37.9,System,5,ML,BOTTLE,1,5,Y,0,SOLN,U,BRIMONIDINE TARTRATE-TIMOLOL MALEATE OPHTH SOLN 0.2-0.5%,A,S
1243402,500,60505100602,BROMFENAC    DRO 0.07% OP,OP,APOTEX,0,Ophthalmics - Misc.,8.6805E+13,03,31:44.3,System,41:31.0,System,3,ML,BOTTLE,1,3,Y,0.07,SOLN,U,BROMFENAC SODIUM OPHTH SOLN 0.07% (BASE EQUIVALENT),A,S
731083,500,55111059760,MEMANTINE    TAB HCL 10MG,OR,DR.REDDY'S,0,Antidementia Agents,6.20536E+13,03,19:55.7,System,08:37.7,System,60,EA,BOTTLE,1,60,Y,10,TABS,-,MEMANTINE HCL TAB 10 MG,A,S
130832,500,00378606001,DILTIAZEM    CAP 60MG ER,OR,MYLAN,0,Calcium Channel Blockers,3.4E+13,03,19:55.7,System,06:46.4,System,100,EA,BOTTLE,1,100,Y,60,CP12,-,DILTIAZEM HCL CAP ER 12HR 60 MG,A,S
777515,500,59310057922,PROAIR HFA   AER,IN,TEVA RESP,0,Inhaled Bronchodilator,4.4201E+13,03,19:55.7,System,41:31.0,System,8.5,GM,INHALER,1,8.5,O,108,AERS,U,ALBUTEROL SULFATE INHAL AERO 108 MCG/ACT (90MCG BASE EQUIV),I,S
87621,500,00173072020,FLOVENT HFA  AER 220MCG,IN,GLAXOSMITH,0,Inhaled Steroids,4.44E+13,03,19:55.7,System,06:46.4,System,12,GM,INHALER,1,12,M,220,AERO,U,FLUTICASONE PROPIONATE HFA INHAL AER 220 MCG/ACT,I,S
34854,500,00024586903,TOUJEO SOLO  INJ 300/ML,SC,SANOFI PHA,0,Insulin,2710400300D233,03,19:55.7,System,08:37.7,System,1.5,ML,PEN,3,4.5,N,300,SOPN,U,INSULIN GLARGINE SOLN PEN-INJECTOR 300 UNIT/ML (1 UNIT DIAL),A,R
1202022,500,64850050601,AMPHET/DEXTR TAB 30MG,OR,ELITE LABS,2,ADHD & Narcolepsy Medications,6.11099E+13,03,10:24.2,System,06:18.9,System,100,EA,BOTTLE,1,100,Y,0,TABS,-,AMPHETAMINE-DEXTROAMPHETAMINE TAB 30 MG,A,S
132060,500,00378877035,ESTRADIOL    CRE 0.01%,VA,MYLAN,0,Vaginal Estrogens,5.535E+13,03,19:55.7,System,06:46.4,System,42.5,GM,TUBE,1,42.5,Y,0.1,CREA,U,ESTRADIOL VAGINAL CREAM 0.01%,A,S
1265045,500,67877060830,DAPAGLIFLOZI TAB 5MG,OR,ASCENDLABS,0,SGLT-2 Inhibitors & Combos,2.77E+13,03,06:36.0,System,06:22.9,System,30,EA,BOTTLE,1,30,Y,5,TABS,-,DAPAGLIFLOZIN TAB 5 MG,A,S
54605,500,00074055402,HUMIRA PEN   INJ 40/0.4ML,SC,ABBVIE,0,Chronic Inflammatory Disease,6627001500F530,03,19:55.7,System,08:46.4,System,1,EA,BOX,2,2,N,40,AJKT,U,ADALIMUMAB AUTO-INJECTOR KIT 40 MG/0.4ML,A,R
678268,500,52937000120,VASCEPA      CAP 1GM,OR,AMARIN PHA,0,Antihyperlipidemics - Misc.,3.95E+13,03,19:55.7,System,41:31.0,System,120,EA,BOTTLE,1,120,O,1,CAPS,-,ICOSAPENT ETHYL CAP 1 GM,A,S
471338,500,33342002607,FAMCICLOVIR  TAB 500MG,OR,MACLEODS,0,Herpes Agents,1.2408E+13,03,19:55.7,System,41:31.0,System,30,EA,BOTTLE,1,30,Y,500,TABS,-,FAMCICLOVIR TAB 500 MG,A,S
50091,500,00065414727,SIMBRINZA    SUS 1-0.2%,OP,ALCON SURG,0,Ophthalmic Adrenergic Agents,8.66099E+13,03,19:55.7,System,08:37.7,System,8,ML,BOTTLE,1,8,N,0,SUSP,U,BRINZOLAMIDE-BRIMONIDINE TARTRATE OPHTH SUSP 1-0.2%,A,R
1104802,500,65649000330,TRULANCE     TAB 3MG,OR,BAUSCH HEA,0,Chronic Idiopathic Constipation,5.25431E+13,03,06:59.8,System,09:05.6,System,30,EA,BOTTLE,1,30,N,3,TABS,U,PLECANATIDE TAB 3 MG,A,R
1225491,500,66993045730,DAPAGLIFLOZI TAB 10MG,OR,PRASCO LAB,0,SGLT-2 Inhibitors & Combos,2.77E+13,03,21:17.4,System,07:29.0,System,30,EA,BOTTLE,1,30,Y,10,TABS,-,DAPAGLIFLOZIN TAB 10 MG,A,S
305860,500,08290320550,BD PEN NEEDL MIS 32GX4MM,XX,EMBECTA ME,0,Needles & Syringes,9.70511E+13,02,19:55.7,System,06:51.5,System,100,EA,BOX,1,100,N,0,MISC,U,"INSULIN PEN NEEDLE 32 G X 4 MM (1/6"" OR 5/32"")",A,O
172235,500,00597016860,SYNJARDY     TAB,OR,BOEHR INGL,0,SGLT-2 Inhibitors & Combos,2.7996E+13,03,19:55.7,System,35:38.2,System,60,EA,BOTTLE,1,60,N,0,TABS,-,EMPAGLIFLOZIN-METFORMIN HCL TAB 12.5-1000 MG,A,R
898233,500,68382053701,POT CITRA ER TAB 1080MG,OR,ZYDUS PHAR,0,Alkalinizers,5.6202E+13,03,19:55.7,System,41:31.0,System,100,EA,BOTTLE,1,100,Y,1080,TBCR,U,POTASSIUM CITRATE TAB ER 10 MEQ (1080 MG),A,S
1106714,500,70710160901,BACLOFEN     TAB 5MG,OR,ZYDUS PHAR,0,Muscle Relaxants & Combos,7.51E+13,03,06:36.9,System,41:31.0,System,100,EA,BOTTLE,1,100,Y,5,TABS,-,BACLOFEN TAB 5 MG,A,S
1136469,500,42571013027,TRAVOPROST   DRO 0.004%,OP,MICRO LAB,0,Ophthalmic Prostaglandins,8.63301E+13,03,22:35.3,System,05:58.7,System,2.5,ML,BOTTLE,1,2.5,Y,0.004,SOLN,U,TRAVOPROST OPHTH SOLN 0.004% (BENZALKONIUM FREE) (BAK FREE),A,S
863162,500,65862042005,SMZ/TMP DS   TAB 800-160,OR,AUROBINDO,0,Anti-Infective Agents - Misc.,1.699E+13,03,19:55.7,System,08:19.5,System,500,EA,BOTTLE,1,500,Y,0,TABS,-,SULFAMETHOXAZOLE-TRIMETHOPRIM TAB 800-160 MG,A,S
605238,500,49702023113,TRIUMEQ      TAB,OR,VIIV HEALT,0,HIV-Multiclass Combo,1.21099E+13,03,19:55.7,System,06:03.5,System,30,EA,BOTTLE,1,30,N,0,TABS,U,ABACAVIR-DOLUTEGRAVIR-LAMIVUDINE TAB 600-50-300 MG,A,R
84862,500,00169413212,OZEMPIC      INJ 2/1.5ML,SC,NOVO NORD,0,GLP-1 Receptor Agonists,2717007000D210,03,19:55.7,System,06:09.1,System,1.5,ML,PEN,1,1.5,N,2,SOPN,U,SEMAGLUTIDE SOLN PEN-INJ 0.25 OR 0.5 MG/DOSE (2 MG/1.5ML),I,R
115267,500,00310075590,CRESTOR      TAB 5MG,OR,ASTZEN,0,Statins & Combos,3.94001E+13,03,19:55.7,System,08:58.4,System,90,EA,BOTTLE,1,90,O,5,TABS,-,ROSUVASTATIN CALCIUM TAB 5 MG,I,S
901568,500,68462013901,OXCARBAZEPIN TAB 600MG,OR,GLENMARK,0,Anticonvulsants - 2nd Generation,7.26E+13,03,19:55.7,System,41:31.0,System,100,EA,BOTTLE,1,100,Y,600,TABS,-,OXCARBAZEPINE TAB 600 MG,A,S
1084502,500,29300035505,TRAMADOL HCL TAB 50MG,OR,UNICHEM,4,Opioid Agonists & Combos,6.51001E+13,03,06:42.2,System,07:20.3,System,500,EA,BOTTLE,1,500,Y,50,TABS,-,TRAMADOL HCL TAB 50 MG,A,S
146296,500,00456120330,LINZESS      CAP 72MCG,OR,ALLERGAN,0,Irritable Bowel Syndrome (IBS) Agents,5.25571E+13,03,19:55.7,System,08:46.4,System,30,EA,BOTTLE,1,30,N,72,CAPS,U,LINACLOTIDE CAP 72 MCG,A,R
863901,500,65862083030,PRASUGREL    TAB 10MG,OR,AUROBINDO,0,Platelet Aggregation Inhibitors,8.51581E+13,03,19:55.7,System,41:31.0,System,30,EA,BOTTLE,1,30,Y,10,TABS,U,PRASUGREL HCL TAB 10 MG (BASE EQUIV),A,S
128603,500,00378190201,MIDODRINE    TAB 5MG,OR,MYLAN,0,Vasopressors,3.80001E+13,03,19:55.7,System,06:46.4,System,100,EA,BOTTLE,1,100,Y,5,TABS,-,MIDODRINE HCL TAB 5 MG,A,S
1192946,500,08508300021,OMNIPOD 5 DX MIS POD G7G6,XX,INSULET,0,Insulin Administration Supplies,9.7201E+13,02,11:30.4,System,06:03.5,System,5,EA,BOX,1,5,N,0,MISC,-,*INSULIN INFUSION DISPOSABLE PUMP RESERVOIR***,A,R
84971,500,00169643810,LEVEMIR      INJ FLEXTOUC,SC,NOVO NORD,0,Insulin,2710400600D220,03,19:55.7,System,06:09.1,System,3,ML,PEN,5,15,N,100,SOPN,U,INSULIN DETEMIR SOLN PEN-INJECTOR 100 UNIT/ML,I,R
1239515,500,00781717775,BRIMONIDINE  SOL 0.1% OP,OP,SANDOZ,0,Ophthalmic Adrenergic Agents,8.6602E+13,03,21:35.4,System,06:13.3,System,5,ML,BOTTLE,1,5,Y,0.1,SOLN,U,BRIMONIDINE TARTRATE OPHTH SOLN 0.1%,A,S
628340,500,50458060901,INVEGA TRINZ INJ 819MG,IM,JANSSEN,0,Atypical Antipsychotics,5907005010E655,03,19:55.7,System,06:32.9,System,2.63,ML,SYRINGE,1,2.63,N,819,SUSY,X,PALIPERIDONE PALMITATE ER SUSP PREF SYR 819 MG/2.63ML,A,R
1145356,500,68462071308,RUFINAMIDE   TAB 200MG,OR,GLENMARK,0,Anticonvulsants - 2nd Generation,7.26001E+13,03,06:47.1,System,41:31.0,System,120,EA,BOTTLE,1,120,Y,200,TABS,-,RUFINAMIDE TAB 200 MG,A,S
926015,500,70515071201,ALVESCO      AER 160MCG,IN,AZURITY PH,0,Inhaled Steroids,4.44E+13,03,19:55.7,System,01:25.3,System,6.1,GM,INHALER,1,6.1,N,160,AERS,U,CICLESONIDE INHAL AEROSOL 160 MCG/ACT,A,R
1238086,500,83257001111,SEMGLEE      INJ 100U/ML,SC,BIOCON BIO,0,Insulin,2.7104E+13,03,22:46.3,System,08:02.7,System,10,ML,VIAL,1,10,N,100,SOLN,U,INSULIN GLARGINE-YFGN INJ 100 UNIT/ML,A,R
1250303,500,59651043918,ESTRADIOL    TAB 10MCG,VA,AUROBINDO,0,Vaginal Estrogens,5.535E+13,03,00:50.0,System,01:17.0,System,18,EA,BOX,1,18,Y,10,TABS,U,ESTRADIOL VAGINAL TAB 10 MCG,A,S
17723,500,00002821501,HUMULIN R    INJ U-100,IJ,LILLY,0,Insulin,2.7104E+13,03,19:55.7,System,09:05.6,System,10,ML,VIAL,1,10,N,100,SOLN,U,INSULIN REGULAR (HUMAN) INJ 100 UNIT/ML,A,O
1206208,500,00169643210,LEVEMIR      INJ FLEXPEN,SC,NOVO NORD,0,Insulin,2710400600D220,03,05:27.9,System,06:09.1,System,3,ML,PEN,5,15,N,100,SOPN,U,INSULIN DETEMIR SOLN PEN-INJECTOR 100 UNIT/ML,I,R
65535,500,00088222033,LANTUS       INJ 100/ML,SC,SANOFI-AVE,0,Insulin,2.7104E+13,03,19:55.7,System,06:00.3,System,10,ML,VIAL,1,10,N,100,SOLN,U,INSULIN GLARGINE INJ 100 UNIT/ML,A,R
1251148,500,83017055003,EMBECTA NANO MIS 32GX4MM,XX,EMBECTA ME,0,Needles & Syringes,9.70511E+13,03,06:00.7,System,06:51.5,System,100,EA,BOX,1,100,N,0,MISC,U,"INSULIN PEN NEEDLE 32 G X 4 MM (1/6"" OR 5/32"")",A,O
830219,500,63304061650,DOXYCYC MONO CAP 100MG,OR,SUN PHARMA,0,Tetracyclines,04000020000110,03,19:55.7,System,06:13.5,System,50,EA,BOTTLE,1,50,Y,100,CAPS,-,DOXYCYCLINE MONOHYDRATE CAP 100 MG,A,S
898377,500,68382070718,DOXYCYC MONO CAP 100MG,OR,ZYDUS PHAR,0,Tetracyclines,04000020000110,03,19:55.7,System,05:52.6,System,50,EA,BOTTLE,1,50,Y,100,CAPS,-,DOXYCYCLINE MONOHYDRATE CAP 100 MG,A,S
33922,500,00023921105,COMBIGAN     SOL 0.2/0.5%,OP,ALLERGAN,0,Ophthalmic Beta Blockers,8.62599E+13,03,19:55.7,System,08:46.4,System,5,ML,BOTTLE,1,5,O,0,SOLN,U,BRIMONIDINE TARTRATE-TIMOLOL MALEATE OPHTH SOLN 0.2-0.5%,A,S
88005,500,00173088710,TRELEGY      AER 100MCG,IN,GLAXOSMITH,0,Inhaled Asthma/COPD Combo,4.42099E+13,03,19:55.7,System,06:46.4,System,60,EA,DISP PACK,1,60,N,0,AEPB,U,FLUTICASONE-UMECLIDINIUM-VILANTEROL AEPB 100-62.5-25 MCG/ACT,A,R
897933,500,68382025601,OXYBUTYNIN   TAB 10MG ER,OR,ZYDUS PHAR,0,Urinary Antispasmodics & OAB Drugs,5.41E+13,03,19:55.7,System,41:31.0,System,100,EA,BOTTLE,1,100,Y,10,TB24,-,OXYBUTYNIN CHLORIDE TAB ER 24HR 10 MG,A,S
84865,500,00169413602,OZEMPIC      INJ 2/1.5ML,SC,NOVO NORD,0,GLP-1 Receptor Agonists,2717007000D220,03,19:55.7,System,06:09.1,System,1.5,ML,PEN,2,3,N,2,SOPN,U,SEMAGLUTIDE SOLN PEN-INJ 1 MG/DOSE (2 MG/1.5ML),I,R
1113530,500,52268020101,SUTAB        TAB,OR,AZURITY PH,0,Laxatives,4.6992E+13,03,07:38.5,System,01:25.3,System,12,EA,BOTTLE,2,24,N,0,TABS,U,SOD SULFATE-MG SULFATE-POT CHLORIDE TAB 1479-225-188 MG,I,R
115510,500,00310628030,XIGDUO XR    TAB 10-1000,OR,ASTZEN,0,SGLT-2 Inhibitors & Combos,2.7996E+13,03,19:55.7,System,08:58.4,System,30,EA,BOTTLE,1,30,O,0,TB24,-,DAPAGLIFLOZIN FREE BASE-METFORMIN HCL TAB ER 24HR 10-1000 MG,A,S
1097626,500,00310461612,BREZTRI AERO AER 9MCG,IN,ASTZEN,0,Inhaled Asthma/COPD Combo,4.42099E+13,03,07:27.3,System,08:58.4,System,10.7,GM,INHALER,1,10.7,N,0,AERO,U,BUDESONIDE-GLYCOPYRROLATE-FORMOTEROL AERS 160-9-4.8 MCG/ACT,A,R
730963,500,55111052601,TACROLIMUS   CAP 1MG,OR,DR.REDDY'S,0,Transplant,9.94041E+13,03,19:55.7,System,06:46.4,System,100,EA,BOTTLE,1,100,Y,1,CAPS,-,TACROLIMUS CAP 1 MG,A,S
1224519,500,82182032105,BRIMONIDINE  SOL 0.1% OP,OP,ZYDUS PHAR,0,Ophthalmic Adrenergic Agents,8.6602E+13,03,22:17.1,System,06:43.9,System,5,ML,BOTTLE,1,5,Y,0.1,SOLN,U,BRIMONIDINE TARTRATE OPHTH SOLN 0.1%,A,S
1206070,500,70954026410,ALENDRONATE  SOL 70/75ML,OR,ANI PHARMA,0,Osteoporosis Agents,3.0042E+13,03,07:30.4,System,08:46.4,System,75,ML,BOTTLE,4,300,Y,70,SOLN,U,ALENDRONATE SODIUM ORAL SOLN 70 MG/75ML,A,S
687116,500,53436008430,VELTASSA     POW 8.4GM,OR,VIFOR PHAR,0,Potassium Removing Agents,9.94501E+13,03,19:55.7,System,06:03.5,System,30,EA,BOX,1,30,N,8.4,PACK,U,PATIROMER SORBITEX CALCIUM FOR SUSP PACKET 8.4 GM (BASE EQ),A,R
463144,500,31722070530,VALACYCLOVIR TAB 1GM,OR,CAMBER PHA,0,Herpes Agents,1.24051E+13,03,19:55.7,System,06:03.5,System,30,EA,BOTTLE,1,30,Y,1,TABS,-,VALACYCLOVIR HCL TAB 1 GM,A,S
910565,500,69097041002,CINACALCET   TAB 30MG,OR,CIPLA USA,0,Metabolic Modifiers,3.09052E+13,03,19:55.7,System,08:37.7,System,30,EA,BOTTLE,1,30,Y,30,TABS,-,CINACALCET HCL TAB 30 MG (BASE EQUIV),A,S
730617,500,55111029309,SUMATRIPTAN  TAB 100MG,OR,DR.REDDY'S,0,Migraine Products,6.74061E+13,03,19:55.7,System,08:37.7,System,9,EA,BOX,1,9,Y,100,TABS,X,SUMATRIPTAN SUCCINATE TAB 100 MG,A,S
84702,500,00169255013,TRESIBA FLEX INJ 200UNIT,SC,NOVO NORD,0,Insulin,2710400700D220,03,19:55.7,System,06:09.1,System,3,ML,PEN,3,9,N,200,SOPN,U,INSULIN DEGLUDEC SOLN PEN-INJECTOR 200 UNIT/ML,A,R
17892,500,00002879959,HUMALOG KWPN INJ 100/ML,SC,LILLY,0,Insulin,2710400500D222,03,19:55.7,System,09:05.6,System,3,ML,PEN,5,15,N,100,SOPN,U,INSULIN LISPRO SOLN PEN-INJECTOR 100 UNIT/ML (1 UNIT DIAL),A,R
154577,500,00527179005,FLUPHENAZINE TAB 5MG,OR,LANNETT,0,Antipsychotics- 1st generation,5.92E+13,03,19:55.7,System,06:33.7,System,500,EA,BOTTLE,1,500,Y,5,TABS,-,FLUPHENAZINE HCL TAB 5 MG,A,S
1091441,500,57599080000,FREESTYLE LB KIT 2/SENSOR,XX,ABBOTT DIA,0,Diabetes Monitoring and Testing Supplies,9.7202E+13,03,07:21.3,System,08:37.7,System,1,EA,BOX,1,1,N,0,MISC,U,*CONTINUOUS GLUCOSE SYSTEM SENSOR***,A,R
1251607,500,72511039302,REPATHA SURE INJ 140MG/ML,SC,AMGEN USA,0,PCSK9 Inhibitors,3935002000D520,03,01:01.5,System,06:03.5,System,1,ML,PEN,2,2,N,140,SOAJ,X,EVOLOCUMAB SUBCUTANEOUS SOLN AUTO-INJECTOR 140 MG/ML,A,R
33960,500,00023932110,ALPHAGAN P   SOL 0.1% OP,OP,ALLERGAN,0,Ophthalmic Adrenergic Agents,8.6602E+13,03,19:55.7,System,08:46.4,System,10,ML,BOTTLE,1,10,O,0.1,SOLN,U,BRIMONIDINE TARTRATE OPHTH SOLN 0.1%,A,S
1194756,500,00002147180,MOUNJARO     INJ 10MG/0.5,SC,LILLY,0,GLP-1 Receptor Agonists,2717308000D525,03,08:17.4,System,09:05.6,System,0.5,ML,PEN,4,2,N,10,SOAJ,X,TIRZEPATIDE SOLN AUTO-INJECTOR 10 MG/0.5ML,A,R
1225493,500,68180043302,BROMFENAC    DRO 0.07% OP,OP,LUPIN PHRM,0,Ophthalmics - Misc.,8.6805E+13,03,21:17.4,System,41:31.0,System,3,ML,BOTTLE,1,3,Y,0.07,SOLN,U,BROMFENAC SODIUM OPHTH SOLN 0.07% (BASE EQUIVALENT),A,S
41989,500,00046087221,PREMARIN VAG CRE 0.625MG,VA,PFIZER US,0,Vaginal Estrogens,5.535E+13,03,19:55.7,System,06:13.3,System,30,GM,TUBE,1,30,N,0.625,CREA,U,"ESTROGENS, CONJUGATED VAGINAL CREAM 0.625 MG/GM",A,R
1195709,500,57599081800,FREESTYLE LB KIT 3/SENSOR,XX,ABBOTT DIA,0,Diabetes Monitoring and Testing Supplies,9.7202E+13,03,09:02.9,System,08:37.7,System,1,EA,BOX,1,1,N,0,MISC,U,*CONTINUOUS GLUCOSE SYSTEM SENSOR***,A,R
17664,500,00002771559,BASAGLAR KWP INJ 100/ML,SC,LILLY,0,Insulin,2710400300D220,03,19:55.7,System,09:05.6,System,3,ML,PEN,5,15,N,100,SOPN,U,INSULIN GLARGINE SOLN PEN-INJECTOR 100 UNIT/ML,A,R
687114,500,53436008404,VELTASSA     POW 8.4GM,OR,VIFOR PHAR,0,Potassium Removing Agents,9.94501E+13,03,19:55.7,System,06:03.5,System,4,EA,BOX,1,4,N,8.4,PACK,U,PATIROMER SORBITEX CALCIUM FOR SUSP PACKET 8.4 GM (BASE EQ),A,R
33462,500,00023320503,LUMIGAN      SOL 0.01% OP,OP,ALLERGAN,0,Ophthalmic Prostaglandins,8.633E+13,03,19:55.7,System,08:46.4,System,2.5,ML,BOTTLE,1,2.5,O,0.01,SOLN,U,BIMATOPROST OPHTH SOLN 0.01%,A,S
87565,500,00173071620,ADVAIR HFA   AER 115/21,IN,GLAXOSMITH,0,Inhaled Asthma/COPD Combo,4.42099E+13,03,19:55.7,System,06:46.4,System,12,GM,INHALER,1,12,M,0,AERO,U,FLUTICASONE-SALMETEROL INHAL AEROSOL 115-21 MCG/ACT,A,S
146288,500,00456120230,LINZESS      CAP 290MCG,OR,ALLERGAN,0,Irritable Bowel Syndrome (IBS) Agents,5.25571E+13,03,19:55.7,System,08:46.4,System,30,EA,BOTTLE,1,30,N,290,CAPS,U,LINACLOTIDE CAP 290 MCG,A,R
33928,500,00023921115,COMBIGAN     SOL 0.2/0.5%,OP,ALLERGAN,0,Ophthalmic Beta Blockers,8.62599E+13,03,19:55.7,System,08:46.4,System,15,ML,BOTTLE,1,15,O,0,SOLN,U,BRIMONIDINE TARTRATE-TIMOLOL MALEATE OPHTH SOLN 0.2-0.5%,A,S
910795,500,69097084615,CYCLOBENZAPR TAB 10MG,OR,CIPLA USA,0,Muscle Relaxants & Combos,7.51001E+13,03,19:55.7,System,08:37.7,System,1000,EA,BOTTLE,1,1000,Y,10,TABS,-,CYCLOBENZAPRINE HCL TAB 10 MG,A,S
115534,500,00310652401,BYETTA       INJ 10MCG,SC,ASTZEN,0,GLP-1 Receptor Agonists,2717002000D240,03,19:55.7,System,08:58.4,System,2.4,ML,PEN,1,2.4,N,10,SOPN,U,EXENATIDE SOLN PEN-INJECTOR 10 MCG/0.04ML,I,R
1208395,500,08627007701,DEXCOM G7    MIS SENSOR,XX,DEXCOM,0,Diabetes Monitoring and Testing Supplies,9.7202E+13,02,18:51.1,System,06:03.5,System,1,EA,BOX,1,1,N,0,MISC,U,*CONTINUOUS GLUCOSE SYSTEM SENSOR***,A,R
171933,500,00597007541,SPIRIVA      CAP HANDIHLR,IN,BOEHR INGL,0,Inhaled Bronchodilator,4.41001E+13,03,19:55.7,System,06:03.5,System,30,EA,BOX,1,30,O,18,CAPS,U,TIOTROPIUM BROMIDE INHAL CAP 18 MCG (BASE EQUIV),A,S
1120140,500,00254302902,LUBIPROSTONE CAP 24MCG,OR,PAR HEALTH,0,Gastrointestinal Chloride Channel Activators,5.245E+13,03,07:29.1,System,05:27.0,System,60,EA,BOTTLE,1,60,Y,24,CAPS,-,LUBIPROSTONE CAP 24 MCG,A,S
37741,500,00032122401,CREON        CAP 24000UNT,OR,ABBVIE,0,Digestive Enzymes,5.12E+13,03,19:55.7,System,08:46.4,System,100,EA,BOTTLE,1,100,N,0,CPEP,U,PANCRELIPASE (LIP-PROT-AMYL) DR CAP 24000-76000-120000 UNIT,A,R
1062290,500,73070010315,INSULIN ASPA INJ FLEXPEN,SC,NOVO NORD,0,Insulin,2710400200D220,03,07:02.2,System,06:03.5,System,3,ML,PEN,5,15,N,100,SOPN,U,INSULIN ASPART SOLN PEN-INJECTOR 100 UNIT/ML,I,R
860058,500,65649030302,XIFAXAN      TAB 550MG,OR,BAUSCH HEA,0,Anti-Infective Agents - Misc.,1.6E+13,03,19:55.7,System,09:05.6,System,60,EA,BOTTLE,1,60,N,550,TABS,-,RIFAXIMIN TAB 550 MG,A,R
1121337,500,73336007530,GEMTESA      TAB 75MG,OR,SUMITOMO P,0,Urinary Antispasmodics & OAB Drugs,5.42001E+13,03,07:24.5,System,06:03.5,System,30,EA,BOTTLE,1,30,N,75,TABS,-,VIBEGRON TAB 75 MG,A,R
628119,500,50458056401,INVEGA SUST  INJ 234/1.5,IM,JANSSEN,0,Atypical Antipsychotics,5907005010E638,03,19:55.7,System,05:50.2,System,1.5,ML,SYRINGE,1,1.5,N,234,SUSY,X,PALIPERIDONE PALMITATE ER SUSP PREF SYR 234 MG/1.5ML,A,R
834871,500,63402030830,LATUDA       TAB 80MG,OR,SUMITOMO P,0,Atypical Antipsychotics,5.94E+13,03,19:55.7,System,05:48.8,System,30,EA,BOTTLE,1,30,O,80,TABS,-,LURASIDONE HCL TAB 80 MG,A,S
904480,500,68682000610,DILTIAZEM    TAB 30MG,OR,OCEANSIDE,0,Calcium Channel Blockers,3.4E+13,03,19:55.7,System,06:10.4,System,100,EA,BOTTLE,1,100,Y,30,TABS,-,DILTIAZEM HCL TAB 30 MG,A,S
17867,500,00002879759,HUMALOG MIX  INJ 75/25KWP,SC,LILLY,0,Insulin,2710408000D320,03,19:55.7,System,09:05.6,System,3,ML,PEN,5,15,N,100,SUPN,U,INSULIN LISPRO PROT & LISPRO SUS PEN-INJ 100 UNIT/ML (75-25),A,R
1107394,500,00173089310,TRELEGY      AER 200MCG,IN,GLAXOSMITH,0,Inhaled Asthma/COPD Combo,4.42099E+13,03,07:45.1,System,06:46.4,System,60,EA,DISP PACK,1,60,N,0,AEPB,U,FLUTICASONE-UMECLIDINIUM-VILANTEROL AEPB 200-62.5-25 MCG/ACT,A,R
16794,500,00002237711,EMGALITY     INJ 120MG/ML,SC,LILLY,0,Migraine Products,6770203530E520,03,19:55.7,System,09:05.6,System,1,ML,SYRINGE,1,1,N,120,SOSY,X,GALCANEZUMAB-GNLM SUBCUTANEOUS SOLN PREFILLED SYR 120 MG/ML,A,R
65501,500,00088221905,LANTUS SOLOS INJ 100/ML,SC,SANOFI-AVE,0,Insulin,2710400300D220,03,19:55.7,System,06:00.3,System,3,ML,PEN,5,15,N,100,SOPN,U,INSULIN GLARGINE SOLN PEN-INJECTOR 100 UNIT/ML,A,R
1215188,500,82293000410,MIDODRINE    TAB 5MG,OR,NOVUGEN PH,0,Vasopressors,3.80001E+13,03,22:05.1,System,41:31.0,System,100,EA,BOTTLE,1,100,Y,5,TABS,-,MIDODRINE HCL TAB 5 MG,A,S
1225490,500,66993045630,DAPAGLIFLOZI TAB 5MG,OR,PRASCO LAB,0,SGLT-2 Inhibitors & Combos,2.77E+13,03,21:17.4,System,07:29.0,System,30,EA,BOTTLE,1,30,Y,5,TABS,-,DAPAGLIFLOZIN TAB 5 MG,A,S
411105,500,17772010430,TROKENDI XR  CAP 200MG,OR,SUPERNUS P,0,Anticonvulsants - 2nd Generation,7.26001E+13,03,19:55.7,System,01:27.7,System,30,EA,BOTTLE,1,30,O,200,CP24,-,TOPIRAMATE CAP ER 24HR 200 MG,A,S
1240701,500,00310621090,FARXIGA      TAB 10MG,OR,ASTZEN,0,SGLT-2 Inhibitors & Combos,2.77E+13,03,18:00.2,System,08:58.4,System,90,EA,BOTTLE,1,90,O,10,TABS,-,DAPAGLIFLOZIN TAB 10 MG,A,S
84937,500,00169633910,NOVOLOG      INJ FLEXPEN,SC,NOVO NORD,0,Insulin,2710400200D220,03,19:55.7,System,06:03.5,System,3,ML,PEN,5,15,N,100,SOPN,U,INSULIN ASPART SOLN PEN-INJECTOR 100 UNIT/ML,A,R
